{
    "utterances": [
        {
            "text": ":D",
            "entities": [],
            "traits": []
        },
        {
            "text": "Bonjour",
            "entities": [],
            "traits": [],
            "intent": "welcome"
        },
        {
            "text": "Can you send me info about spacex",
            "entities": [
                {
                    "entity": "company_name:company_name",
                    "start": 27,
                    "end": 33,
                    "body": "spacex",
                    "entities": []
                }
            ],
            "traits": [],
            "intent": "info"
        },
        {
            "text": "Can you send me videos for software engineer job at Google",
            "entities": [
                {
                    "entity": "job_role:job_role",
                    "start": 27,
                    "end": 44,
                    "body": "software engineer",
                    "entities": []
                },
                {
                    "entity": "company_name:company_name",
                    "start": 52,
                    "end": 58,
                    "body": "Google",
                    "entities": []
                }
            ],
            "traits": [],
            "intent": "resources"
        },
        {
            "text": "Chef full time",
            "entities": [
                {
                    "entity": "job_type:job_type",
                    "start": 5,
                    "end": 14,
                    "body": "full time",
                    "entities": []
                },
                {
                    "entity": "job_role:job_role",
                    "start": 0,
                    "end": 4,
                    "body": "Chef",
                    "entities": []
                }
            ],
            "traits": [],
            "intent": "job_preference"
        },
        {
            "text": "Delete mu data",
            "entities": [],
            "traits": [],
            "intent": "delete_data"
        },
        {
            "text": "Do you have info about 'intuit'",
            "entities": [
                {
                    "entity": "company_name:company_name",
                    "start": 24,
                    "end": 30,
                    "body": "intuit",
                    "entities": []
                }
            ],
            "traits": [],
            "intent": "info"
        },
        {
            "text": "Do you have info about Facebook?",
            "entities": [
                {
                    "entity": "company_name:company_name",
                    "start": 23,
                    "end": 31,
                    "body": "Facebook",
                    "entities": []
                }
            ],
            "traits": [],
            "intent": "info"
        },
        {
            "text": "Do you have info about facebook",
            "entities": [
                {
                    "entity": "company_name:company_name",
                    "start": 23,
                    "end": 31,
                    "body": "facebook",
                    "entities": []
                }
            ],
            "traits": [],
            "intent": "info"
        },
        {
            "text": "Do you have info about \u2018intuit\u2019",
            "entities": [
                {
                    "entity": "company_name:company_name",
                    "start": 24,
                    "end": 30,
                    "body": "intuit",
                    "entities": []
                }
            ],
            "traits": [],
            "intent": "info"
        },
        {
            "text": "Do you have information about Adidas",
            "entities": [
                {
                    "entity": "company_name:company_name",
                    "start": 30,
                    "end": 36,
                    "body": "Adidas",
                    "entities": []
                }
            ],
            "traits": [],
            "intent": "info"
        },
        {
            "text": "Do you have information about Domino\u2019s",
            "entities": [
                {
                    "entity": "company_name:company_name",
                    "start": 30,
                    "end": 38,
                    "body": "Domino\u2019s",
                    "entities": []
                }
            ],
            "traits": [],
            "intent": "info"
        },
        {
            "text": "Do you have information about Facebook",
            "entities": [
                {
                    "entity": "company_name:company_name",
                    "start": 30,
                    "end": 38,
                    "body": "Facebook",
                    "entities": []
                }
            ],
            "traits": [],
            "intent": "info"
        },
        {
            "text": "Do you have information about Marshal",
            "entities": [
                {
                    "entity": "company_name:company_name",
                    "start": 30,
                    "end": 37,
                    "body": "Marshal",
                    "entities": []
                }
            ],
            "traits": [],
            "intent": "info"
        },
        {
            "text": "Do you have information about Papa John",
            "entities": [
                {
                    "entity": "company_name:company_name",
                    "start": 30,
                    "end": 39,
                    "body": "Papa John",
                    "entities": []
                }
            ],
            "traits": [],
            "intent": "info"
        },
        {
            "text": "Do you have information about Rite aid",
            "entities": [
                {
                    "entity": "company_name:company_name",
                    "start": 30,
                    "end": 38,
                    "body": "Rite aid",
                    "entities": []
                }
            ],
            "traits": [],
            "intent": "info"
        },
        {
            "text": "Do you have information about UPS",
            "entities": [
                {
                    "entity": "company_name:company_name",
                    "start": 30,
                    "end": 33,
                    "body": "UPS",
                    "entities": []
                }
            ],
            "traits": [],
            "intent": "info"
        },
        {
            "text": "Do you have information about Zara",
            "entities": [
                {
                    "entity": "company_name:company_name",
                    "start": 30,
                    "end": 34,
                    "body": "Zara",
                    "entities": []
                }
            ],
            "traits": [],
            "intent": "info"
        },
        {
            "text": "Do you have practice videos",
            "entities": [],
            "traits": [],
            "intent": "resources"
        },
        {
            "text": "Do you have resources for software developer at Facebook",
            "entities": [
                {
                    "entity": "job_role:job_role",
                    "start": 26,
                    "end": 44,
                    "body": "software developer",
                    "entities": []
                },
                {
                    "entity": "company_name:company_name",
                    "start": 48,
                    "end": 56,
                    "body": "Facebook",
                    "entities": []
                }
            ],
            "traits": [],
            "intent": "resources"
        },
        {
            "text": "Do you have review for Facebook",
            "entities": [
                {
                    "entity": "company_name:company_name",
                    "start": 23,
                    "end": 31,
                    "body": "Facebook",
                    "entities": []
                }
            ],
            "traits": [],
            "intent": "reviews"
        },
        {
            "text": "Do you have reviews for CVS",
            "entities": [
                {
                    "entity": "company_name:company_name",
                    "start": 24,
                    "end": 27,
                    "body": "CVS",
                    "entities": []
                }
            ],
            "traits": [],
            "intent": "reviews"
        },
        {
            "text": "Do you have reviews for Devpost",
            "entities": [
                {
                    "entity": "company_name:company_name",
                    "start": 24,
                    "end": 31,
                    "body": "Devpost",
                    "entities": []
                }
            ],
            "traits": [],
            "intent": "reviews"
        },
        {
            "text": "Do you have reviews for Facebook",
            "entities": [
                {
                    "entity": "company_name:company_name",
                    "start": 24,
                    "end": 32,
                    "body": "Facebook",
                    "entities": []
                }
            ],
            "traits": [],
            "intent": "reviews"
        },
        {
            "text": "Do you have reviews for Microsoft",
            "entities": [
                {
                    "entity": "company_name:company_name",
                    "start": 24,
                    "end": 33,
                    "body": "Microsoft",
                    "entities": []
                }
            ],
            "traits": [],
            "intent": "reviews"
        },
        {
            "text": "Do you have reviews for Ted talk",
            "entities": [
                {
                    "entity": "company_name:company_name",
                    "start": 24,
                    "end": 32,
                    "body": "Ted talk",
                    "entities": []
                }
            ],
            "traits": [],
            "intent": "reviews"
        },
        {
            "text": "Do you have reviews for cvs",
            "entities": [
                {
                    "entity": "company_name:company_name",
                    "start": 24,
                    "end": 27,
                    "body": "cvs",
                    "entities": []
                }
            ],
            "traits": [],
            "intent": "reviews"
        },
        {
            "text": "Do you have reviews for google",
            "entities": [
                {
                    "entity": "company_name:company_name",
                    "start": 24,
                    "end": 30,
                    "body": "google",
                    "entities": []
                }
            ],
            "traits": [],
            "intent": "reviews"
        },
        {
            "text": "Do you have reviews for seamless",
            "entities": [
                {
                    "entity": "company_name:company_name",
                    "start": 24,
                    "end": 32,
                    "body": "seamless",
                    "entities": []
                }
            ],
            "traits": [],
            "intent": "reviews"
        },
        {
            "text": "Do you have reviews for yahoo",
            "entities": [
                {
                    "entity": "company_name:company_name",
                    "start": 24,
                    "end": 29,
                    "body": "yahoo",
                    "entities": []
                }
            ],
            "traits": [],
            "intent": "reviews"
        },
        {
            "text": "Do you still have my job preference",
            "entities": [],
            "traits": [],
            "intent": "remember"
        },
        {
            "text": "Do you still remember my job preference?",
            "entities": [],
            "traits": [],
            "intent": "remember"
        },
        {
            "text": "Fireman",
            "entities": [
                {
                    "entity": "job_role:job_role",
                    "start": 0,
                    "end": 7,
                    "body": "Fireman",
                    "entities": []
                }
            ],
            "traits": [],
            "intent": "job_preference"
        },
        {
            "text": "Full time chef",
            "entities": [
                {
                    "entity": "job_role:job_role",
                    "start": 10,
                    "end": 14,
                    "body": "chef",
                    "entities": []
                },
                {
                    "entity": "job_type:job_type",
                    "start": 0,
                    "end": 9,
                    "body": "Full time",
                    "entities": []
                }
            ],
            "traits": [],
            "intent": "job_preference"
        },
        {
            "text": "Full time graphic designer",
            "entities": [
                {
                    "entity": "job_type:job_type",
                    "start": 0,
                    "end": 9,
                    "body": "Full time",
                    "entities": []
                },
                {
                    "entity": "job_role:job_role",
                    "start": 10,
                    "end": 26,
                    "body": "graphic designer",
                    "entities": []
                }
            ],
            "traits": [],
            "intent": "job_preference"
        },
        {
            "text": "Full time graphic designer job",
            "entities": [
                {
                    "entity": "job_role:job_role",
                    "start": 10,
                    "end": 26,
                    "body": "graphic designer",
                    "entities": []
                },
                {
                    "entity": "job_type:job_type",
                    "start": 0,
                    "end": 9,
                    "body": "Full time",
                    "entities": []
                }
            ],
            "traits": [],
            "intent": "job_preference"
        },
        {
            "text": "Full time project manager",
            "entities": [
                {
                    "entity": "job_role:job_role",
                    "start": 10,
                    "end": 25,
                    "body": "project manager",
                    "entities": []
                },
                {
                    "entity": "job_type:job_type",
                    "start": 0,
                    "end": 9,
                    "body": "Full time",
                    "entities": []
                }
            ],
            "traits": [],
            "intent": "job_preference"
        },
        {
            "text": "Full time software engineer",
            "entities": [
                {
                    "entity": "job_type:job_type",
                    "start": 0,
                    "end": 9,
                    "body": "Full time",
                    "entities": []
                },
                {
                    "entity": "job_role:job_role",
                    "start": 10,
                    "end": 27,
                    "body": "software engineer",
                    "entities": []
                }
            ],
            "traits": [],
            "intent": "job_preference"
        },
        {
            "text": "Full time software engineer job",
            "entities": [
                {
                    "entity": "job_role:job_role",
                    "start": 10,
                    "end": 27,
                    "body": "software engineer",
                    "entities": []
                },
                {
                    "entity": "job_type:job_type",
                    "start": 0,
                    "end": 9,
                    "body": "Full time",
                    "entities": []
                }
            ],
            "traits": [],
            "intent": "job_preference"
        },
        {
            "text": "Get started",
            "entities": [],
            "traits": [],
            "intent": "delete_data"
        },
        {
            "text": "Graphic designer",
            "entities": [
                {
                    "entity": "job_role:job_role",
                    "start": 0,
                    "end": 16,
                    "body": "Graphic designer",
                    "entities": []
                }
            ],
            "traits": [],
            "intent": "job_preference"
        },
        {
            "text": "Graphic designer full time",
            "entities": [
                {
                    "entity": "job_role:job_role",
                    "start": 0,
                    "end": 16,
                    "body": "Graphic designer",
                    "entities": []
                },
                {
                    "entity": "job_type:job_type",
                    "start": 17,
                    "end": 26,
                    "body": "full time",
                    "entities": []
                }
            ],
            "traits": [],
            "intent": "job_preference"
        },
        {
            "text": "Hell, that is in my code \ufffd\nForgot to handle no entities \ufffd",
            "entities": [],
            "traits": []
        },
        {
            "text": "Hello",
            "entities": [],
            "traits": [],
            "intent": "welcome"
        },
        {
            "text": "Hey",
            "entities": [],
            "traits": [],
            "intent": "welcome"
        },
        {
            "text": "Hey Robin",
            "entities": [],
            "traits": [],
            "intent": "welcome"
        },
        {
            "text": "Hey robin",
            "entities": [],
            "traits": [],
            "intent": "welcome"
        },
        {
            "text": "Hey robin, you my best friend",
            "entities": [],
            "traits": [],
            "intent": "welcome"
        },
        {
            "text": "Hff gdd ujkddf",
            "entities": [],
            "traits": []
        },
        {
            "text": "Hi",
            "entities": [],
            "traits": [],
            "intent": "welcome"
        },
        {
            "text": "Hi Robin",
            "entities": [],
            "traits": [],
            "intent": "welcome"
        },
        {
            "text": "Hola",
            "entities": [],
            "traits": [],
            "intent": "welcome"
        },
        {
            "text": "How are you Robin",
            "entities": [],
            "traits": [],
            "intent": "welcome"
        },
        {
            "text": "How are you doing today",
            "entities": [],
            "traits": [],
            "intent": "welcome"
        },
        {
            "text": "I am a student",
            "entities": [],
            "traits": [],
            "intent": "welcome"
        },
        {
            "text": "I am finding a full time manager job in DC",
            "entities": [
                {
                    "entity": "job_type:job_type",
                    "start": 15,
                    "end": 24,
                    "body": "full time",
                    "entities": []
                },
                {
                    "entity": "job_role:job_role",
                    "start": 25,
                    "end": 32,
                    "body": "manager",
                    "entities": []
                },
                {
                    "entity": "state:state",
                    "start": 40,
                    "end": 42,
                    "body": "DC",
                    "entities": []
                }
            ],
            "traits": [],
            "intent": "job_preference"
        },
        {
            "text": "I am finding a manager job in DC",
            "entities": [
                {
                    "entity": "job_role:job_role",
                    "start": 15,
                    "end": 22,
                    "body": "manager",
                    "entities": []
                },
                {
                    "entity": "state:state",
                    "start": 30,
                    "end": 32,
                    "body": "DC",
                    "entities": []
                }
            ],
            "traits": [],
            "intent": "job_preference"
        },
        {
            "text": "I am looking for Backend Developer job in India",
            "entities": [
                {
                    "entity": "job_role:job_role",
                    "start": 17,
                    "end": 34,
                    "body": "Backend Developer",
                    "entities": []
                },
                {
                    "entity": "state:state",
                    "start": 42,
                    "end": 47,
                    "body": "India",
                    "entities": []
                }
            ],
            "traits": [],
            "intent": "job_preference"
        },
        {
            "text": "I am looking for a full time PRoduct desiner role in California",
            "entities": [
                {
                    "entity": "job_type:job_type",
                    "start": 19,
                    "end": 28,
                    "body": "full time",
                    "entities": []
                },
                {
                    "entity": "job_role:job_role",
                    "start": 29,
                    "end": 44,
                    "body": "PRoduct desiner",
                    "entities": []
                },
                {
                    "entity": "state:state",
                    "start": 53,
                    "end": 63,
                    "body": "California",
                    "entities": []
                }
            ],
            "traits": [],
            "intent": "job_preference"
        },
        {
            "text": "I am looking for a full time Product Design role in San Francisco",
            "entities": [
                {
                    "entity": "job_type:job_type",
                    "start": 19,
                    "end": 28,
                    "body": "full time",
                    "entities": []
                },
                {
                    "entity": "job_role:job_role",
                    "start": 29,
                    "end": 43,
                    "body": "Product Design",
                    "entities": []
                },
                {
                    "entity": "state:state",
                    "start": 52,
                    "end": 65,
                    "body": "San Francisco",
                    "entities": []
                }
            ],
            "traits": [],
            "intent": "job_preference"
        },
        {
            "text": "I am looking for a full time job in New York",
            "entities": [
                {
                    "entity": "job_type:job_type",
                    "start": 19,
                    "end": 28,
                    "body": "full time",
                    "entities": []
                },
                {
                    "entity": "state:state",
                    "start": 36,
                    "end": 44,
                    "body": "New York",
                    "entities": []
                }
            ],
            "traits": [],
            "intent": "job_preference"
        },
        {
            "text": "I am looking for a full time product design role in New York",
            "entities": [
                {
                    "entity": "job_type:job_type",
                    "start": 19,
                    "end": 28,
                    "body": "full time",
                    "entities": []
                },
                {
                    "entity": "job_role:job_role",
                    "start": 29,
                    "end": 43,
                    "body": "product design",
                    "entities": []
                },
                {
                    "entity": "state:state",
                    "start": 52,
                    "end": 60,
                    "body": "New York",
                    "entities": []
                }
            ],
            "traits": [],
            "intent": "job_preference"
        },
        {
            "text": "I am looking for a full time product manager role in Florida",
            "entities": [
                {
                    "entity": "job_type:job_type",
                    "start": 19,
                    "end": 28,
                    "body": "full time",
                    "entities": []
                },
                {
                    "entity": "job_role:job_role",
                    "start": 29,
                    "end": 44,
                    "body": "product manager",
                    "entities": []
                },
                {
                    "entity": "state:state",
                    "start": 53,
                    "end": 60,
                    "body": "Florida",
                    "entities": []
                }
            ],
            "traits": [],
            "intent": "job_preference"
        },
        {
            "text": "I am looking for a full time sales manager role in California.",
            "entities": [
                {
                    "entity": "job_type:job_type",
                    "start": 19,
                    "end": 28,
                    "body": "full time",
                    "entities": []
                },
                {
                    "entity": "job_role:job_role",
                    "start": 29,
                    "end": 42,
                    "body": "sales manager",
                    "entities": []
                },
                {
                    "entity": "state:state",
                    "start": 51,
                    "end": 61,
                    "body": "California",
                    "entities": []
                }
            ],
            "traits": [],
            "intent": "job_preference"
        },
        {
            "text": "I am looking for a full time student manager role in California.",
            "entities": [
                {
                    "entity": "job_type:job_type",
                    "start": 19,
                    "end": 28,
                    "body": "full time",
                    "entities": []
                },
                {
                    "entity": "job_role:job_role",
                    "start": 29,
                    "end": 44,
                    "body": "student manager",
                    "entities": []
                },
                {
                    "entity": "state:state",
                    "start": 53,
                    "end": 63,
                    "body": "California",
                    "entities": []
                }
            ],
            "traits": [],
            "intent": "job_preference"
        },
        {
            "text": "I am looking for a part time bartender role in Arizona",
            "entities": [
                {
                    "entity": "job_type:job_type",
                    "start": 19,
                    "end": 28,
                    "body": "part time",
                    "entities": []
                },
                {
                    "entity": "job_role:job_role",
                    "start": 29,
                    "end": 38,
                    "body": "bartender",
                    "entities": []
                },
                {
                    "entity": "state:state",
                    "start": 47,
                    "end": 54,
                    "body": "Arizona",
                    "entities": []
                }
            ],
            "traits": [],
            "intent": "job_preference"
        },
        {
            "text": "I am looking for backend developer in India",
            "entities": [
                {
                    "entity": "job_role:job_role",
                    "start": 17,
                    "end": 34,
                    "body": "backend developer",
                    "entities": []
                },
                {
                    "entity": "state:state",
                    "start": 38,
                    "end": 43,
                    "body": "India",
                    "entities": []
                }
            ],
            "traits": [],
            "intent": "job_preference"
        },
        {
            "text": "I am looking for internship",
            "entities": [
                {
                    "entity": "job_role:job_role",
                    "start": 17,
                    "end": 27,
                    "body": "internship",
                    "entities": []
                }
            ],
            "traits": [],
            "intent": "job_preference"
        },
        {
            "text": "I am looking for nternship",
            "entities": [
                {
                    "entity": "job_role:job_role",
                    "start": 17,
                    "end": 26,
                    "body": "nternship",
                    "entities": []
                }
            ],
            "traits": [],
            "intent": "job_preference"
        },
        {
            "text": "I am looking for ntership",
            "entities": [
                {
                    "entity": "job_role:job_role",
                    "start": 17,
                    "end": 25,
                    "body": "ntership",
                    "entities": []
                }
            ],
            "traits": [],
            "intent": "job_preference"
        },
        {
            "text": "I am looking for plumber job",
            "entities": [
                {
                    "entity": "job_role:job_role",
                    "start": 17,
                    "end": 24,
                    "body": "plumber",
                    "entities": []
                }
            ],
            "traits": [],
            "intent": "job_preference"
        },
        {
            "text": "I am looking for production manager",
            "entities": [
                {
                    "entity": "job_role:job_role",
                    "start": 17,
                    "end": 35,
                    "body": "production manager",
                    "entities": []
                }
            ],
            "traits": [],
            "intent": "job_preference"
        },
        {
            "text": "I am looking for sales person job in New Jersey",
            "entities": [
                {
                    "entity": "state:state",
                    "start": 37,
                    "end": 47,
                    "body": "New Jersey",
                    "entities": []
                },
                {
                    "entity": "job_role:job_role",
                    "start": 17,
                    "end": 29,
                    "body": "sales person",
                    "entities": []
                }
            ],
            "traits": [],
            "intent": "job_preference"
        },
        {
            "text": "I am looking for software engineer full time job in New York",
            "entities": [
                {
                    "entity": "job_role:job_role",
                    "start": 17,
                    "end": 34,
                    "body": "software engineer",
                    "entities": []
                },
                {
                    "entity": "job_type:job_type",
                    "start": 35,
                    "end": 44,
                    "body": "full time",
                    "entities": []
                },
                {
                    "entity": "state:state",
                    "start": 52,
                    "end": 60,
                    "body": "New York",
                    "entities": []
                }
            ],
            "traits": [],
            "intent": "job_preference"
        },
        {
            "text": "I am looking for software engineer full time job in Omaha",
            "entities": [
                {
                    "entity": "job_role:job_role",
                    "start": 17,
                    "end": 34,
                    "body": "software engineer",
                    "entities": []
                },
                {
                    "entity": "job_type:job_type",
                    "start": 35,
                    "end": 44,
                    "body": "full time",
                    "entities": []
                },
                {
                    "entity": "state:state",
                    "start": 52,
                    "end": 57,
                    "body": "Omaha",
                    "entities": []
                }
            ],
            "traits": [],
            "intent": "job_preference"
        },
        {
            "text": "I am looking for ux designer job",
            "entities": [
                {
                    "entity": "job_role:job_role",
                    "start": 17,
                    "end": 28,
                    "body": "ux designer",
                    "entities": []
                }
            ],
            "traits": [],
            "intent": "job_preference"
        },
        {
            "text": "I am trying to find full time software engineer role in California",
            "entities": [
                {
                    "entity": "job_type:job_type",
                    "start": 20,
                    "end": 29,
                    "body": "full time",
                    "entities": []
                },
                {
                    "entity": "job_role:job_role",
                    "start": 30,
                    "end": 47,
                    "body": "software engineer",
                    "entities": []
                },
                {
                    "entity": "state:state",
                    "start": 56,
                    "end": 66,
                    "body": "California",
                    "entities": []
                }
            ],
            "traits": [],
            "intent": "job_preference"
        },
        {
            "text": "I have an interview",
            "entities": [],
            "traits": [],
            "intent": "reminders"
        },
        {
            "text": "I have an interview for software engineer role on December 1st, 2020",
            "entities": [
                {
                    "entity": "job_role:job_role",
                    "start": 24,
                    "end": 41,
                    "body": "software engineer",
                    "entities": []
                }
            ],
            "traits": [],
            "intent": "reminders"
        },
        {
            "text": "I have an interview on December 1st, 2020",
            "entities": [
                {
                    "entity": "wit$datetime:datetime",
                    "start": 20,
                    "end": 41,
                    "body": "on December 1st, 2020",
                    "entities": []
                }
            ],
            "traits": [],
            "intent": "reminders"
        },
        {
            "text": "I have an interview soon",
            "entities": [],
            "traits": [],
            "intent": "reminders"
        },
        {
            "text": "I have an interview tomorrow",
            "entities": [
                {
                    "entity": "wit$datetime:datetime",
                    "start": 20,
                    "end": 28,
                    "body": "tomorrow",
                    "entities": []
                }
            ],
            "traits": [],
            "intent": "reminders"
        },
        {
            "text": "I have interview at December 1st",
            "entities": [
                {
                    "entity": "wit$datetime:datetime",
                    "start": 20,
                    "end": 32,
                    "body": "December 1st",
                    "entities": []
                }
            ],
            "traits": [],
            "intent": "reminders"
        },
        {
            "text": "I have interview on",
            "entities": [],
            "traits": [],
            "intent": "reminders"
        },
        {
            "text": "I have interview on December 1 2020",
            "entities": [
                {
                    "entity": "wit$datetime:datetime",
                    "start": 17,
                    "end": 35,
                    "body": "on December 1 2020",
                    "entities": []
                }
            ],
            "traits": [],
            "intent": "reminders"
        },
        {
            "text": "I have interview on December 1 2020 for software engineer job",
            "entities": [
                {
                    "entity": "wit$datetime:datetime",
                    "start": 17,
                    "end": 35,
                    "body": "on December 1 2020",
                    "entities": []
                },
                {
                    "entity": "job_role:job_role",
                    "start": 40,
                    "end": 57,
                    "body": "software engineer",
                    "entities": []
                }
            ],
            "traits": [],
            "intent": "reminders"
        },
        {
            "text": "I have interview on December 1, 2020",
            "entities": [
                {
                    "entity": "wit$datetime:datetime",
                    "start": 17,
                    "end": 36,
                    "body": "on December 1, 2020",
                    "entities": []
                }
            ],
            "traits": [],
            "intent": "reminders"
        },
        {
            "text": "I have interview on December 1st 2020",
            "entities": [
                {
                    "entity": "wit$datetime:datetime",
                    "start": 17,
                    "end": 37,
                    "body": "on December 1st 2020",
                    "entities": []
                }
            ],
            "traits": [],
            "intent": "reminders"
        },
        {
            "text": "I have interview on December 1st, 2020",
            "entities": [
                {
                    "entity": "wit$datetime:datetime",
                    "start": 17,
                    "end": 38,
                    "body": "on December 1st, 2020",
                    "entities": []
                }
            ],
            "traits": [],
            "intent": "reminders"
        },
        {
            "text": "I have interview on Tuesday, December 1 ,2020",
            "entities": [
                {
                    "entity": "wit$datetime:datetime",
                    "start": 17,
                    "end": 45,
                    "body": "on Tuesday, December 1 ,2020",
                    "entities": []
                }
            ],
            "traits": [],
            "intent": "reminders"
        },
        {
            "text": "I have interview with google on september 27th",
            "entities": [
                {
                    "entity": "company_name:company_name",
                    "start": 22,
                    "end": 28,
                    "body": "google",
                    "entities": []
                }
            ],
            "traits": [],
            "intent": "reminders"
        },
        {
            "text": "I have intervoew on December 1 2020",
            "entities": [
                {
                    "entity": "wit$datetime:datetime",
                    "start": 17,
                    "end": 35,
                    "body": "on December 1 2020",
                    "entities": []
                }
            ],
            "traits": [],
            "intent": "reminders"
        },
        {
            "text": "I have intervoew on decemeber 1 20202",
            "entities": [],
            "traits": [],
            "intent": "reminders"
        },
        {
            "text": "I have intervoew on decimeter 1 2020",
            "entities": [],
            "traits": [],
            "intent": "reminders"
        },
        {
            "text": "I have software engineer interview on December 1 2020",
            "entities": [
                {
                    "entity": "job_role:job_role",
                    "start": 7,
                    "end": 24,
                    "body": "software engineer",
                    "entities": []
                },
                {
                    "entity": "wit$datetime:datetime",
                    "start": 35,
                    "end": 53,
                    "body": "on December 1 2020",
                    "entities": []
                }
            ],
            "traits": [],
            "intent": "reminders"
        },
        {
            "text": "I have software engineer interview on December 1, 2020",
            "entities": [
                {
                    "entity": "job_role:job_role",
                    "start": 7,
                    "end": 24,
                    "body": "software engineer",
                    "entities": []
                },
                {
                    "entity": "wit$datetime:datetime",
                    "start": 35,
                    "end": 54,
                    "body": "on December 1, 2020",
                    "entities": []
                }
            ],
            "traits": [],
            "intent": "reminders"
        },
        {
            "text": "I have software engineer interview with Amazon on December 19th",
            "entities": [
                {
                    "entity": "job_role:job_role",
                    "start": 7,
                    "end": 24,
                    "body": "software engineer",
                    "entities": []
                },
                {
                    "entity": "company_name:company_name",
                    "start": 40,
                    "end": 46,
                    "body": "Amazon",
                    "entities": []
                }
            ],
            "traits": [],
            "intent": "reminders"
        },
        {
            "text": "I jeed software engineer job",
            "entities": [
                {
                    "entity": "job_role:job_role",
                    "start": 7,
                    "end": 24,
                    "body": "software engineer",
                    "entities": []
                }
            ],
            "traits": [],
            "intent": "job_preference"
        },
        {
            "text": "I know a job in seattle",
            "entities": [
                {
                    "entity": "state:state",
                    "start": 16,
                    "end": 23,
                    "body": "seattle",
                    "entities": []
                }
            ],
            "traits": [],
            "intent": "job_preference"
        },
        {
            "text": "I love you",
            "entities": [],
            "traits": [],
            "intent": "thanks"
        },
        {
            "text": "I need a job",
            "entities": [],
            "traits": [],
            "intent": "job_preference"
        },
        {
            "text": "I need a job in Seattle",
            "entities": [
                {
                    "entity": "state:state",
                    "start": 16,
                    "end": 23,
                    "body": "Seattle",
                    "entities": []
                }
            ],
            "traits": [],
            "intent": "job_preference"
        },
        {
            "text": "I need a part time graphic desginer job in Arizona",
            "entities": [
                {
                    "entity": "job_type:job_type",
                    "start": 9,
                    "end": 18,
                    "body": "part time",
                    "entities": []
                },
                {
                    "entity": "job_role:job_role",
                    "start": 19,
                    "end": 35,
                    "body": "graphic desginer",
                    "entities": []
                },
                {
                    "entity": "state:state",
                    "start": 43,
                    "end": 50,
                    "body": "Arizona",
                    "entities": []
                }
            ],
            "traits": [],
            "intent": "job_preference"
        },
        {
            "text": "I need a part time ux designer role in Florida",
            "entities": [
                {
                    "entity": "job_type:job_type",
                    "start": 9,
                    "end": 18,
                    "body": "part time",
                    "entities": []
                },
                {
                    "entity": "job_role:job_role",
                    "start": 19,
                    "end": 30,
                    "body": "ux designer",
                    "entities": []
                },
                {
                    "entity": "state:state",
                    "start": 39,
                    "end": 46,
                    "body": "Florida",
                    "entities": []
                }
            ],
            "traits": [],
            "intent": "job_preference"
        },
        {
            "text": "I need backend developer in India",
            "entities": [
                {
                    "entity": "job_role:job_role",
                    "start": 7,
                    "end": 24,
                    "body": "backend developer",
                    "entities": []
                },
                {
                    "entity": "state:state",
                    "start": 28,
                    "end": 33,
                    "body": "India",
                    "entities": []
                }
            ],
            "traits": [],
            "intent": "job_preference"
        },
        {
            "text": "I need cashier job in New York",
            "entities": [
                {
                    "entity": "job_role:job_role",
                    "start": 7,
                    "end": 14,
                    "body": "cashier",
                    "entities": []
                },
                {
                    "entity": "state:state",
                    "start": 22,
                    "end": 30,
                    "body": "New York",
                    "entities": []
                }
            ],
            "traits": [],
            "intent": "job_preference"
        },
        {
            "text": "I need full time cashier job in Austin",
            "entities": [
                {
                    "entity": "job_type:job_type",
                    "start": 7,
                    "end": 16,
                    "body": "full time",
                    "entities": []
                },
                {
                    "entity": "job_role:job_role",
                    "start": 17,
                    "end": 24,
                    "body": "cashier",
                    "entities": []
                },
                {
                    "entity": "state:state",
                    "start": 32,
                    "end": 38,
                    "body": "Austin",
                    "entities": []
                }
            ],
            "traits": [],
            "intent": "job_preference"
        },
        {
            "text": "I need full time chef job in Florida",
            "entities": [
                {
                    "entity": "job_type:job_type",
                    "start": 7,
                    "end": 16,
                    "body": "full time",
                    "entities": []
                },
                {
                    "entity": "job_role:job_role",
                    "start": 17,
                    "end": 21,
                    "body": "chef",
                    "entities": []
                },
                {
                    "entity": "state:state",
                    "start": 29,
                    "end": 36,
                    "body": "Florida",
                    "entities": []
                }
            ],
            "traits": [],
            "intent": "job_preference"
        },
        {
            "text": "I need full time graphic design job",
            "entities": [
                {
                    "entity": "job_type:job_type",
                    "start": 7,
                    "end": 16,
                    "body": "full time",
                    "entities": []
                },
                {
                    "entity": "job_role:job_role",
                    "start": 17,
                    "end": 31,
                    "body": "graphic design",
                    "entities": []
                }
            ],
            "traits": [],
            "intent": "job_preference"
        },
        {
            "text": "I need full time graphic design job in california",
            "entities": [
                {
                    "entity": "job_type:job_type",
                    "start": 7,
                    "end": 16,
                    "body": "full time",
                    "entities": []
                },
                {
                    "entity": "state:state",
                    "start": 39,
                    "end": 49,
                    "body": "california",
                    "entities": []
                },
                {
                    "entity": "job_role:job_role",
                    "start": 17,
                    "end": 31,
                    "body": "graphic design",
                    "entities": []
                }
            ],
            "traits": [],
            "intent": "job_preference"
        },
        {
            "text": "I need full time job",
            "entities": [
                {
                    "entity": "job_type:job_type",
                    "start": 7,
                    "end": 16,
                    "body": "full time",
                    "entities": []
                }
            ],
            "traits": [],
            "intent": "job_preference"
        },
        {
            "text": "I need full time job in Florida",
            "entities": [
                {
                    "entity": "job_type:job_type",
                    "start": 7,
                    "end": 16,
                    "body": "full time",
                    "entities": []
                },
                {
                    "entity": "state:state",
                    "start": 24,
                    "end": 31,
                    "body": "Florida",
                    "entities": []
                }
            ],
            "traits": [],
            "intent": "job_preference"
        },
        {
            "text": "I need full time product manager in New York",
            "entities": [
                {
                    "entity": "job_type:job_type",
                    "start": 7,
                    "end": 16,
                    "body": "full time",
                    "entities": []
                },
                {
                    "entity": "job_role:job_role",
                    "start": 17,
                    "end": 32,
                    "body": "product manager",
                    "entities": []
                },
                {
                    "entity": "state:state",
                    "start": 36,
                    "end": 44,
                    "body": "New York",
                    "entities": []
                }
            ],
            "traits": [],
            "intent": "job_preference"
        },
        {
            "text": "I need full time programmer job",
            "entities": [
                {
                    "entity": "job_type:job_type",
                    "start": 7,
                    "end": 16,
                    "body": "full time",
                    "entities": []
                },
                {
                    "entity": "job_role:job_role",
                    "start": 17,
                    "end": 27,
                    "body": "programmer",
                    "entities": []
                }
            ],
            "traits": [],
            "intent": "job_preference"
        },
        {
            "text": "I need full time project manager job in new york",
            "entities": [
                {
                    "entity": "job_type:job_type",
                    "start": 7,
                    "end": 16,
                    "body": "full time",
                    "entities": []
                },
                {
                    "entity": "job_role:job_role",
                    "start": 17,
                    "end": 32,
                    "body": "project manager",
                    "entities": []
                },
                {
                    "entity": "state:state",
                    "start": 40,
                    "end": 48,
                    "body": "new york",
                    "entities": []
                }
            ],
            "traits": [],
            "intent": "job_preference"
        },
        {
            "text": "I need full time software engineer in New York",
            "entities": [
                {
                    "entity": "job_type:job_type",
                    "start": 7,
                    "end": 16,
                    "body": "full time",
                    "entities": []
                },
                {
                    "entity": "job_role:job_role",
                    "start": 17,
                    "end": 34,
                    "body": "software engineer",
                    "entities": []
                },
                {
                    "entity": "state:state",
                    "start": 38,
                    "end": 46,
                    "body": "New York",
                    "entities": []
                }
            ],
            "traits": [],
            "intent": "job_preference"
        },
        {
            "text": "I need full time software engineer job",
            "entities": [
                {
                    "entity": "job_role:job_role",
                    "start": 17,
                    "end": 34,
                    "body": "software engineer",
                    "entities": []
                },
                {
                    "entity": "job_type:job_type",
                    "start": 7,
                    "end": 16,
                    "body": "full time",
                    "entities": []
                }
            ],
            "traits": [],
            "intent": "job_preference"
        },
        {
            "text": "I need full time software engineer job in Seattle",
            "entities": [
                {
                    "entity": "job_type:job_type",
                    "start": 7,
                    "end": 16,
                    "body": "full time",
                    "entities": []
                },
                {
                    "entity": "job_role:job_role",
                    "start": 17,
                    "end": 34,
                    "body": "software engineer",
                    "entities": []
                },
                {
                    "entity": "state:state",
                    "start": 42,
                    "end": 49,
                    "body": "Seattle",
                    "entities": []
                }
            ],
            "traits": [],
            "intent": "job_preference"
        },
        {
            "text": "I need help find a part time web developer role in New York",
            "entities": [
                {
                    "entity": "job_type:job_type",
                    "start": 19,
                    "end": 28,
                    "body": "part time",
                    "entities": []
                },
                {
                    "entity": "job_role:job_role",
                    "start": 29,
                    "end": 42,
                    "body": "web developer",
                    "entities": []
                },
                {
                    "entity": "state:state",
                    "start": 51,
                    "end": 59,
                    "body": "New York",
                    "entities": []
                }
            ],
            "traits": [],
            "intent": "job_preference"
        },
        {
            "text": "I need help with graphic deign interview at Beautify",
            "entities": [
                {
                    "entity": "job_role:job_role",
                    "start": 17,
                    "end": 30,
                    "body": "graphic deign",
                    "entities": []
                },
                {
                    "entity": "company_name:company_name",
                    "start": 44,
                    "end": 52,
                    "body": "Beautify",
                    "entities": []
                }
            ],
            "traits": [],
            "intent": "resources"
        },
        {
            "text": "I need help with this discription https:\/\/indeed.com\/",
            "entities": [
                {
                    "entity": "wit$url:url",
                    "start": 34,
                    "end": 52,
                    "body": "https:\/\/indeed.com",
                    "entities": []
                }
            ],
            "traits": [],
            "intent": "analyze"
        },
        {
            "text": "I need help with this job description https:\/\/indeed.com\/",
            "entities": [
                {
                    "entity": "wit$url:url",
                    "start": 38,
                    "end": 57,
                    "body": "https:\/\/indeed.com\/",
                    "entities": []
                }
            ],
            "traits": [],
            "intent": "analyze"
        },
        {
            "text": "I need information about facebook",
            "entities": [
                {
                    "entity": "company_name:company_name",
                    "start": 25,
                    "end": 33,
                    "body": "facebook",
                    "entities": []
                }
            ],
            "traits": [],
            "intent": "info"
        },
        {
            "text": "I need information for Papa John",
            "entities": [
                {
                    "entity": "company_name:company_name",
                    "start": 23,
                    "end": 32,
                    "body": "Papa John",
                    "entities": []
                }
            ],
            "traits": [],
            "intent": "info"
        },
        {
            "text": "I need job to go here and there",
            "entities": [
                {
                    "entity": "job_role:job_role",
                    "start": 14,
                    "end": 31,
                    "body": "go here and there",
                    "entities": []
                }
            ],
            "traits": [],
            "intent": "job_preference"
        },
        {
            "text": "I need practice videos",
            "entities": [],
            "traits": [],
            "intent": "resources"
        },
        {
            "text": "I need practice videos for",
            "entities": [],
            "traits": [],
            "intent": "resources"
        },
        {
            "text": "I need practice videos for graphic design",
            "entities": [
                {
                    "entity": "job_role:job_role",
                    "start": 27,
                    "end": 41,
                    "body": "graphic design",
                    "entities": []
                }
            ],
            "traits": [],
            "intent": "resources"
        },
        {
            "text": "I need practice videos for graphic design at google",
            "entities": [
                {
                    "entity": "company_name:company_name",
                    "start": 45,
                    "end": 51,
                    "body": "google",
                    "entities": []
                },
                {
                    "entity": "job_role:job_role",
                    "start": 27,
                    "end": 41,
                    "body": "graphic design",
                    "entities": []
                }
            ],
            "traits": [],
            "intent": "resources"
        },
        {
            "text": "I need project manager job",
            "entities": [
                {
                    "entity": "job_role:job_role",
                    "start": 7,
                    "end": 22,
                    "body": "project manager",
                    "entities": []
                }
            ],
            "traits": [],
            "intent": "job_preference"
        },
        {
            "text": "I need project manager job in new york",
            "entities": [
                {
                    "entity": "job_role:job_role",
                    "start": 7,
                    "end": 22,
                    "body": "project manager",
                    "entities": []
                },
                {
                    "entity": "state:state",
                    "start": 30,
                    "end": 38,
                    "body": "new york",
                    "entities": []
                }
            ],
            "traits": [],
            "intent": "job_preference"
        },
        {
            "text": "I need resources",
            "entities": [],
            "traits": [],
            "intent": "resources"
        },
        {
            "text": "I need review about facebook",
            "entities": [
                {
                    "entity": "company_name:company_name",
                    "start": 20,
                    "end": 28,
                    "body": "facebook",
                    "entities": []
                }
            ],
            "traits": [],
            "intent": "reviews"
        },
        {
            "text": "I need review for CVS",
            "entities": [
                {
                    "entity": "company_name:company_name",
                    "start": 18,
                    "end": 21,
                    "body": "CVS",
                    "entities": []
                }
            ],
            "traits": [],
            "intent": "reviews"
        },
        {
            "text": "I need review for cvs",
            "entities": [
                {
                    "entity": "company_name:company_name",
                    "start": 18,
                    "end": 21,
                    "body": "cvs",
                    "entities": []
                }
            ],
            "traits": [],
            "intent": "reviews"
        },
        {
            "text": "I need reviews for CVS",
            "entities": [
                {
                    "entity": "company_name:company_name",
                    "start": 19,
                    "end": 22,
                    "body": "CVS",
                    "entities": []
                }
            ],
            "traits": [],
            "intent": "reviews"
        },
        {
            "text": "I need reviews for Doordash",
            "entities": [
                {
                    "entity": "company_name:company_name",
                    "start": 19,
                    "end": 27,
                    "body": "Doordash",
                    "entities": []
                }
            ],
            "traits": [],
            "intent": "reviews"
        },
        {
            "text": "I need reviews for Microsoft",
            "entities": [
                {
                    "entity": "company_name:company_name",
                    "start": 19,
                    "end": 28,
                    "body": "Microsoft",
                    "entities": []
                }
            ],
            "traits": [],
            "intent": "reviews"
        },
        {
            "text": "I need reviews for cvs",
            "entities": [
                {
                    "entity": "company_name:company_name",
                    "start": 19,
                    "end": 22,
                    "body": "cvs",
                    "entities": []
                }
            ],
            "traits": [],
            "intent": "reviews"
        },
        {
            "text": "I need reviews for despots",
            "entities": [
                {
                    "entity": "company_name:company_name",
                    "start": 19,
                    "end": 26,
                    "body": "despots",
                    "entities": []
                }
            ],
            "traits": [],
            "intent": "reviews"
        },
        {
            "text": "I need reviews for devpost",
            "entities": [
                {
                    "entity": "company_name:company_name",
                    "start": 19,
                    "end": 26,
                    "body": "devpost",
                    "entities": []
                }
            ],
            "traits": [],
            "intent": "reviews"
        },
        {
            "text": "I need software engineer job",
            "entities": [
                {
                    "entity": "job_role:job_role",
                    "start": 7,
                    "end": 24,
                    "body": "software engineer",
                    "entities": []
                }
            ],
            "traits": [],
            "intent": "job_preference"
        },
        {
            "text": "I need software engineer job at Doordash",
            "entities": [
                {
                    "entity": "job_role:job_role",
                    "start": 7,
                    "end": 24,
                    "body": "software engineer",
                    "entities": []
                },
                {
                    "entity": "company_name:company_name",
                    "start": 32,
                    "end": 40,
                    "body": "Doordash",
                    "entities": []
                }
            ],
            "traits": [],
            "intent": "job_preference"
        },
        {
            "text": "I need software engineer job at google",
            "entities": [
                {
                    "entity": "job_role:job_role",
                    "start": 7,
                    "end": 24,
                    "body": "software engineer",
                    "entities": []
                },
                {
                    "entity": "company_name:company_name",
                    "start": 32,
                    "end": 38,
                    "body": "google",
                    "entities": []
                }
            ],
            "traits": [],
            "intent": "job_preference"
        },
        {
            "text": "I need software engineer job in Florida",
            "entities": [
                {
                    "entity": "job_role:job_role",
                    "start": 7,
                    "end": 24,
                    "body": "software engineer",
                    "entities": []
                },
                {
                    "entity": "state:state",
                    "start": 32,
                    "end": 39,
                    "body": "Florida",
                    "entities": []
                }
            ],
            "traits": [],
            "intent": "job_preference"
        },
        {
            "text": "I need software engineer job in New York",
            "entities": [
                {
                    "entity": "state:state",
                    "start": 32,
                    "end": 40,
                    "body": "New York",
                    "entities": []
                },
                {
                    "entity": "job_role:job_role",
                    "start": 7,
                    "end": 24,
                    "body": "software engineer",
                    "entities": []
                }
            ],
            "traits": [],
            "intent": "job_preference"
        },
        {
            "text": "I need software engineer job on Florida",
            "entities": [
                {
                    "entity": "job_role:job_role",
                    "start": 7,
                    "end": 24,
                    "body": "software engineer",
                    "entities": []
                },
                {
                    "entity": "state:state",
                    "start": 32,
                    "end": 39,
                    "body": "Florida",
                    "entities": []
                }
            ],
            "traits": [],
            "intent": "job_preference"
        },
        {
            "text": "I need software enginner job",
            "entities": [
                {
                    "entity": "job_role:job_role",
                    "start": 7,
                    "end": 24,
                    "body": "software enginner",
                    "entities": []
                }
            ],
            "traits": [],
            "intent": "job_preference"
        },
        {
            "text": "I need some resources",
            "entities": [],
            "traits": [],
            "intent": "resources"
        },
        {
            "text": "I need some resources for software engineer",
            "entities": [
                {
                    "entity": "job_role:job_role",
                    "start": 26,
                    "end": 43,
                    "body": "software engineer",
                    "entities": []
                }
            ],
            "traits": [],
            "intent": "resources"
        },
        {
            "text": "I need to analyze https:\/\/indeed.com",
            "entities": [
                {
                    "entity": "wit$url:url",
                    "start": 18,
                    "end": 36,
                    "body": "https:\/\/indeed.com",
                    "entities": []
                }
            ],
            "traits": [],
            "intent": "analyze"
        },
        {
            "text": "I need to analyze this job description https:\/\/indeed.com",
            "entities": [
                {
                    "entity": "wit$url:url",
                    "start": 39,
                    "end": 57,
                    "body": "https:\/\/indeed.com",
                    "entities": []
                }
            ],
            "traits": [],
            "intent": "analyze"
        },
        {
            "text": "I need to know more about Facebook",
            "entities": [
                {
                    "entity": "company_name:company_name",
                    "start": 26,
                    "end": 34,
                    "body": "Facebook",
                    "entities": []
                }
            ],
            "traits": [],
            "intent": "info"
        },
        {
            "text": "I need to set a reminder",
            "entities": [],
            "traits": [],
            "intent": "reminders"
        },
        {
            "text": "I need to set reminder",
            "entities": [],
            "traits": [],
            "intent": "reminders"
        },
        {
            "text": "I need web developer job in Florida",
            "entities": [
                {
                    "entity": "job_role:job_role",
                    "start": 7,
                    "end": 20,
                    "body": "web developer",
                    "entities": []
                },
                {
                    "entity": "state:state",
                    "start": 28,
                    "end": 35,
                    "body": "Florida",
                    "entities": []
                }
            ],
            "traits": [],
            "intent": "job_preference"
        },
        {
            "text": "I wajt wanna reviews for seamless",
            "entities": [
                {
                    "entity": "company_name:company_name",
                    "start": 25,
                    "end": 33,
                    "body": "seamless",
                    "entities": []
                }
            ],
            "traits": [],
            "intent": "reviews"
        },
        {
            "text": "I want a software engineer job in india",
            "entities": [
                {
                    "entity": "job_role:job_role",
                    "start": 9,
                    "end": 26,
                    "body": "software engineer",
                    "entities": []
                },
                {
                    "entity": "state:state",
                    "start": 34,
                    "end": 39,
                    "body": "india",
                    "entities": []
                }
            ],
            "traits": [],
            "intent": "job_preference"
        },
        {
            "text": "I want to analyze https:\/\/indeed.com",
            "entities": [
                {
                    "entity": "wit$url:url",
                    "start": 18,
                    "end": 36,
                    "body": "https:\/\/indeed.com",
                    "entities": []
                }
            ],
            "traits": [],
            "intent": "analyze"
        },
        {
            "text": "I want to be a doctor",
            "entities": [
                {
                    "entity": "job_role:job_role",
                    "start": 15,
                    "end": 21,
                    "body": "doctor",
                    "entities": []
                }
            ],
            "traits": [],
            "intent": "job_preference"
        },
        {
            "text": "I want to be a doct\u1ecf",
            "entities": [
                {
                    "entity": "job_role:job_role",
                    "start": 15,
                    "end": 20,
                    "body": "doct\u1ecf",
                    "entities": []
                }
            ],
            "traits": [],
            "intent": "job_preference"
        },
        {
            "text": "I want to delete my data",
            "entities": [],
            "traits": [],
            "intent": "delete_data"
        },
        {
            "text": "I want to set a reminder for graphic design interview on December 2nd 2020",
            "entities": [
                {
                    "entity": "job_role:job_role",
                    "start": 29,
                    "end": 43,
                    "body": "graphic design",
                    "entities": []
                }
            ],
            "traits": [],
            "intent": "reminders"
        },
        {
            "text": "I want to set reminder",
            "entities": [],
            "traits": [],
            "intent": "reminders"
        },
        {
            "text": "I want to set reminder on December 7, 2020",
            "entities": [
                {
                    "entity": "wit$datetime:datetime",
                    "start": 23,
                    "end": 42,
                    "body": "on December 7, 2020",
                    "entities": []
                }
            ],
            "traits": [],
            "intent": "reminders"
        },
        {
            "text": "I want to work for Facebook in Brazil",
            "entities": [
                {
                    "entity": "company_name:company_name",
                    "start": 19,
                    "end": 27,
                    "body": "Facebook",
                    "entities": []
                },
                {
                    "entity": "state:state",
                    "start": 31,
                    "end": 37,
                    "body": "Brazil",
                    "entities": []
                }
            ],
            "traits": [],
            "intent": "info"
        },
        {
            "text": "I'm looking for fireman role in New York City",
            "entities": [
                {
                    "entity": "job_role:job_role",
                    "start": 16,
                    "end": 23,
                    "body": "fireman",
                    "entities": []
                },
                {
                    "entity": "state:state",
                    "start": 32,
                    "end": 45,
                    "body": "New York City",
                    "entities": []
                }
            ],
            "traits": [],
            "intent": "job_preference"
        },
        {
            "text": "IT JOB",
            "entities": [
                {
                    "entity": "job_role:job_role",
                    "start": 0,
                    "end": 2,
                    "body": "IT",
                    "entities": []
                }
            ],
            "traits": [],
            "intent": "job_preference"
        },
        {
            "text": "It job",
            "entities": [
                {
                    "entity": "job_role:job_role",
                    "start": 0,
                    "end": 2,
                    "body": "It",
                    "entities": []
                }
            ],
            "traits": [],
            "intent": "job_preference"
        },
        {
            "text": "It job please",
            "entities": [
                {
                    "entity": "job_role:job_role",
                    "start": 0,
                    "end": 2,
                    "body": "It",
                    "entities": []
                }
            ],
            "traits": [],
            "intent": "job_preference"
        },
        {
            "text": "It job.",
            "entities": [
                {
                    "entity": "job_role:job_role",
                    "start": 0,
                    "end": 2,
                    "body": "It",
                    "entities": []
                }
            ],
            "traits": [],
            "intent": "job_preference"
        },
        {
            "text": "On December 1, 2020",
            "entities": [
                {
                    "entity": "wit$datetime:datetime",
                    "start": 0,
                    "end": 19,
                    "body": "On December 1, 2020",
                    "entities": []
                }
            ],
            "traits": [],
            "intent": "reminders"
        },
        {
            "text": "Project manager full time",
            "entities": [
                {
                    "entity": "job_type:job_type",
                    "start": 16,
                    "end": 25,
                    "body": "full time",
                    "entities": []
                },
                {
                    "entity": "job_role:job_role",
                    "start": 0,
                    "end": 15,
                    "body": "Project manager",
                    "entities": []
                }
            ],
            "traits": [],
            "intent": "job_preference"
        },
        {
            "text": "Reviews for google",
            "entities": [
                {
                    "entity": "company_name:company_name",
                    "start": 12,
                    "end": 18,
                    "body": "google",
                    "entities": []
                }
            ],
            "traits": [],
            "intent": "reviews"
        },
        {
            "text": "So why the hack you replied here and found that there is no intent?",
            "entities": [],
            "traits": []
        },
        {
            "text": "So, when you suspect intent, you just freeze?",
            "entities": [],
            "traits": []
        },
        {
            "text": "Software engineer",
            "entities": [
                {
                    "entity": "job_role:job_role",
                    "start": 0,
                    "end": 17,
                    "body": "Software engineer",
                    "entities": []
                }
            ],
            "traits": [],
            "intent": "job_preference"
        },
        {
            "text": "Software engineer full time",
            "entities": [
                {
                    "entity": "job_role:job_role",
                    "start": 0,
                    "end": 17,
                    "body": "Software engineer",
                    "entities": []
                },
                {
                    "entity": "job_type:job_type",
                    "start": 18,
                    "end": 27,
                    "body": "full time",
                    "entities": []
                }
            ],
            "traits": [],
            "intent": "job_preference"
        },
        {
            "text": "Software engineer full time.",
            "entities": [
                {
                    "entity": "job_role:job_role",
                    "start": 0,
                    "end": 17,
                    "body": "Software engineer",
                    "entities": []
                },
                {
                    "entity": "job_type:job_type",
                    "start": 18,
                    "end": 27,
                    "body": "full time",
                    "entities": []
                }
            ],
            "traits": [],
            "intent": "job_preference"
        },
        {
            "text": "Software engineer in New York",
            "entities": [
                {
                    "entity": "job_role:job_role",
                    "start": 0,
                    "end": 17,
                    "body": "Software engineer",
                    "entities": []
                },
                {
                    "entity": "state:state",
                    "start": 21,
                    "end": 29,
                    "body": "New York",
                    "entities": []
                }
            ],
            "traits": [],
            "intent": "job_preference"
        },
        {
            "text": "Software engineer on December 1, 2020",
            "entities": [
                {
                    "entity": "job_role:job_role",
                    "start": 0,
                    "end": 17,
                    "body": "Software engineer",
                    "entities": []
                },
                {
                    "entity": "wit$datetime:datetime",
                    "start": 18,
                    "end": 37,
                    "body": "on December 1, 2020",
                    "entities": []
                }
            ],
            "traits": [],
            "intent": "reminders"
        },
        {
            "text": "Start over",
            "entities": [],
            "traits": [],
            "intent": "delete_data"
        },
        {
            "text": "Tech job in California",
            "entities": [
                {
                    "entity": "state:state",
                    "start": 12,
                    "end": 22,
                    "body": "California",
                    "entities": []
                },
                {
                    "entity": "job_role:job_role",
                    "start": 0,
                    "end": 4,
                    "body": "Tech",
                    "entities": []
                }
            ],
            "traits": [],
            "intent": "job_preference"
        },
        {
            "text": "Thank you so much",
            "entities": [],
            "traits": [],
            "intent": "thanks"
        },
        {
            "text": "Thanks",
            "entities": [],
            "traits": [],
            "intent": "thanks"
        },
        {
            "text": "Thanks Robin",
            "entities": [],
            "traits": [],
            "intent": "thanks"
        },
        {
            "text": "Welcome robin",
            "entities": [],
            "traits": [],
            "intent": "welcome"
        },
        {
            "text": "What do you know about google",
            "entities": [
                {
                    "entity": "company_name:company_name",
                    "start": 23,
                    "end": 29,
                    "body": "google",
                    "entities": []
                }
            ],
            "traits": [],
            "intent": "info"
        },
        {
            "text": "What is the review for amazon",
            "entities": [
                {
                    "entity": "company_name:company_name",
                    "start": 23,
                    "end": 29,
                    "body": "amazon",
                    "entities": []
                }
            ],
            "traits": [],
            "intent": "reviews"
        },
        {
            "text": "What is the reviews for seamless",
            "entities": [
                {
                    "entity": "company_name:company_name",
                    "start": 24,
                    "end": 32,
                    "body": "seamless",
                    "entities": []
                }
            ],
            "traits": [],
            "intent": "reviews"
        },
        {
            "text": "What is the reviews for united states postal service",
            "entities": [
                {
                    "entity": "company_name:company_name",
                    "start": 24,
                    "end": 52,
                    "body": "united states postal service",
                    "entities": []
                }
            ],
            "traits": [],
            "intent": "reviews"
        },
        {
            "text": "Wow, that is great",
            "entities": [],
            "traits": [],
            "intent": "thanks"
        },
        {
            "text": "Yiu really helped",
            "entities": [],
            "traits": [],
            "intent": "thanks"
        },
        {
            "text": "You really helped",
            "entities": [],
            "traits": [],
            "intent": "thanks"
        },
        {
            "text": "can you analyze this description for me https:\/\/indeed.com",
            "entities": [
                {
                    "entity": "wit$url:url",
                    "start": 40,
                    "end": 58,
                    "body": "https:\/\/indeed.com",
                    "entities": []
                }
            ],
            "traits": [],
            "intent": "analyze"
        },
        {
            "text": "can you help me find a part time sales manager role in Virginia",
            "entities": [
                {
                    "entity": "job_type:job_type",
                    "start": 23,
                    "end": 32,
                    "body": "part time",
                    "entities": []
                },
                {
                    "entity": "state:state",
                    "start": 55,
                    "end": 63,
                    "body": "Virginia",
                    "entities": []
                },
                {
                    "entity": "job_role:job_role",
                    "start": 33,
                    "end": 46,
                    "body": "sales manager",
                    "entities": []
                }
            ],
            "traits": [],
            "intent": "job_preference"
        },
        {
            "text": "can you remind me on December 25th",
            "entities": [],
            "traits": [],
            "intent": "reminders"
        },
        {
            "text": "can you send me data about Google",
            "entities": [
                {
                    "entity": "company_name:company_name",
                    "start": 27,
                    "end": 33,
                    "body": "Google",
                    "entities": []
                }
            ],
            "traits": [],
            "intent": "info"
        },
        {
            "text": "can you send me interview insights for Web Developer",
            "entities": [
                {
                    "entity": "job_role:job_role",
                    "start": 39,
                    "end": 52,
                    "body": "Web Developer",
                    "entities": []
                }
            ],
            "traits": [],
            "intent": "resources"
        },
        {
            "text": "can you send me interview insights for graphic design job",
            "entities": [
                {
                    "entity": "job_role:job_role",
                    "start": 39,
                    "end": 53,
                    "body": "graphic design",
                    "entities": []
                }
            ],
            "traits": [],
            "intent": "resources"
        },
        {
            "text": "can you send me review for facebook",
            "entities": [
                {
                    "entity": "company_name:company_name",
                    "start": 27,
                    "end": 35,
                    "body": "facebook",
                    "entities": []
                }
            ],
            "traits": [],
            "intent": "reviews"
        },
        {
            "text": "can you send me reviews for google",
            "entities": [
                {
                    "entity": "company_name:company_name",
                    "start": 28,
                    "end": 34,
                    "body": "google",
                    "entities": []
                }
            ],
            "traits": [],
            "intent": "reviews"
        },
        {
            "text": "can you send me reviews for the red apple",
            "entities": [
                {
                    "entity": "company_name:company_name",
                    "start": 28,
                    "end": 42,
                    "body": "the red apple",
                    "entities": []
                }
            ],
            "traits": [],
            "intent": "reviews"
        },
        {
            "text": "can you tell me my job preference?",
            "entities": [],
            "traits": [],
            "intent": "remember"
        },
        {
            "text": "do you have info for facebook",
            "entities": [
                {
                    "entity": "company_name:company_name",
                    "start": 21,
                    "end": 29,
                    "body": "facebook",
                    "entities": []
                }
            ],
            "traits": [],
            "intent": "info"
        },
        {
            "text": "do you have resources for software engineer at facebook",
            "entities": [
                {
                    "entity": "company_name:company_name",
                    "start": 47,
                    "end": 55,
                    "body": "facebook",
                    "entities": []
                },
                {
                    "entity": "job_role:job_role",
                    "start": 26,
                    "end": 43,
                    "body": "software engineer",
                    "entities": []
                }
            ],
            "traits": [],
            "intent": "resources"
        },
        {
            "text": "do you have reviews for cvs",
            "entities": [
                {
                    "entity": "company_name:company_name",
                    "start": 24,
                    "end": 27,
                    "body": "cvs",
                    "entities": []
                }
            ],
            "traits": [],
            "intent": "reviews"
        },
        {
            "text": "do you have reviews for spacex",
            "entities": [
                {
                    "entity": "company_name:company_name",
                    "start": 24,
                    "end": 30,
                    "body": "spacex",
                    "entities": []
                }
            ],
            "traits": [],
            "intent": "reviews"
        },
        {
            "text": "do you remeber my job preference",
            "entities": [],
            "traits": [],
            "intent": "remember"
        },
        {
            "text": "fireman",
            "entities": [
                {
                    "entity": "job_role:job_role",
                    "start": 0,
                    "end": 7,
                    "body": "fireman",
                    "entities": []
                }
            ],
            "traits": [],
            "intent": "job_preference"
        },
        {
            "text": "get started",
            "entities": [],
            "traits": [],
            "intent": "delete_data"
        },
        {
            "text": "hello",
            "entities": [],
            "traits": [],
            "intent": "welcome"
        },
        {
            "text": "hey",
            "entities": [],
            "traits": [],
            "intent": "welcome"
        },
        {
            "text": "hey robin",
            "entities": [],
            "traits": [],
            "intent": "welcome"
        },
        {
            "text": "hi",
            "entities": [],
            "traits": [],
            "intent": "welcome"
        },
        {
            "text": "hiiiii",
            "entities": [],
            "traits": [],
            "intent": "welcome"
        },
        {
            "text": "on Tuesday, December 1 ,2020?",
            "entities": [
                {
                    "entity": "wit$datetime:datetime",
                    "start": 0,
                    "end": 28,
                    "body": "on Tuesday, December 1 ,2020",
                    "entities": []
                }
            ],
            "traits": [],
            "intent": "reminders"
        },
        {
            "text": "please delete my data.",
            "entities": [],
            "traits": [],
            "intent": "delete_data"
        },
        {
            "text": "send me reviews for doordash",
            "entities": [
                {
                    "entity": "company_name:company_name",
                    "start": 20,
                    "end": 28,
                    "body": "doordash",
                    "entities": []
                }
            ],
            "traits": [],
            "intent": "reviews"
        },
        {
            "text": "send me reviews for grubhub",
            "entities": [
                {
                    "entity": "company_name:company_name",
                    "start": 20,
                    "end": 27,
                    "body": "grubhub",
                    "entities": []
                }
            ],
            "traits": [],
            "intent": "reviews"
        },
        {
            "text": "set reminder for interview at December 5th, 2020",
            "entities": [],
            "traits": [],
            "intent": "reminders"
        },
        {
            "text": "set reminder on December 21st",
            "entities": [],
            "traits": [],
            "intent": "reminders"
        },
        {
            "text": "start",
            "entities": [],
            "traits": [],
            "intent": "delete_data"
        },
        {
            "text": "start again",
            "entities": [],
            "traits": [],
            "intent": "delete_data"
        },
        {
            "text": "start over",
            "entities": [],
            "traits": [],
            "intent": "delete_data"
        },
        {
            "text": "start pver",
            "entities": [],
            "traits": [],
            "intent": "delete_data"
        },
        {
            "text": "undefined",
            "entities": [],
            "traits": []
        },
        {
            "text": "whyyyyyyyyyyyyyyyyyyyyyyyyyyyy?",
            "entities": [],
            "traits": []
        },
        {
            "text": "yes",
            "entities": [],
            "traits": []
        },
        {
            "text": "\ufffd",
            "entities": [],
            "traits": [],
            "intent": "welcome"
        },
        {
            "text": "\ufffd\ufffd",
            "entities": [],
            "traits": []
        }
    ]
}
