{
    "name": "company_name",
    "roles": [
        "company_name"
    ],
    "lookups": [
        "free-text",
        "keywords"
    ],
    "keywords": [
        {
            "keyword": "Adidas",
            "synonyms": [
                "adidas"
            ]
        },
        {
            "keyword": "Beautify",
            "synonyms": [
                "beautify"
            ]
        },
        {
            "keyword": "Domino\u2019s",
            "synonyms": [
                "domino\u2019s"
            ]
        },
        {
            "keyword": "Facebook",
            "synonyms": [
                "facebook"
            ]
        },
        {
            "keyword": "Marshal",
            "synonyms": [
                "marshal"
            ]
        },
        {
            "keyword": "Microsoft",
            "synonyms": [
                "microsoft"
            ]
        },
        {
            "keyword": "Papa John",
            "synonyms": [
                "papa john"
            ]
        },
        {
            "keyword": "Rite aid",
            "synonyms": [
                "rite aid"
            ]
        },
        {
            "keyword": "Ted talk",
            "synonyms": [
                "ted talk"
            ]
        },
        {
            "keyword": "UPS",
            "synonyms": [
                "ups"
            ]
        },
        {
            "keyword": "Zara",
            "synonyms": [
                "zara"
            ]
        },
        {
            "keyword": "amazon",
            "synonyms": [
                "amazon"
            ]
        },
        {
            "keyword": "cvs",
            "synonyms": [
                "cvs"
            ]
        },
        {
            "keyword": "despots",
            "synonyms": [
                "despots"
            ]
        },
        {
            "keyword": "devpost",
            "synonyms": [
                "devpost"
            ]
        },
        {
            "keyword": "doordash",
            "synonyms": [
                "doordash"
            ]
        },
        {
            "keyword": "google",
            "synonyms": [
                "google"
            ]
        },
        {
            "keyword": "grubhub",
            "synonyms": [
                "grubhub"
            ]
        },
        {
            "keyword": "intuit",
            "synonyms": [
                "intuit"
            ]
        },
        {
            "keyword": "seamless",
            "synonyms": [
                "seamless"
            ]
        },
        {
            "keyword": "spacex",
            "synonyms": [
                "spacex"
            ]
        },
        {
            "keyword": "the red apple",
            "synonyms": [
                "the red apple"
            ]
        },
        {
            "keyword": "united states postal service",
            "synonyms": [
                "united states postal service",
                "usps"
            ]
        },
        {
            "keyword": "yahoo",
            "synonyms": [
                "yahoo"
            ]
        }
    ]
}
