{
    "name": "state",
    "roles": [
        "state"
    ],
    "lookups": [
        "free-text",
        "keywords"
    ],
    "keywords": [
        {
            "keyword": "Arizona",
            "synonyms": [
                "arizona"
            ]
        },
        {
            "keyword": "Austin",
            "synonyms": [
                "austin"
            ]
        },
        {
            "keyword": "Brazil",
            "synonyms": [
                "brazil"
            ]
        },
        {
            "keyword": "California",
            "synonyms": [
                "california"
            ]
        },
        {
            "keyword": "DC",
            "synonyms": [
                "dc"
            ]
        },
        {
            "keyword": "Florida",
            "synonyms": [
                "florida"
            ]
        },
        {
            "keyword": "India",
            "synonyms": [
                "india"
            ]
        },
        {
            "keyword": "New Jersey",
            "synonyms": [
                "new jersey"
            ]
        },
        {
            "keyword": "New York",
            "synonyms": [
                "new york"
            ]
        },
        {
            "keyword": "New York City",
            "synonyms": [
                "new york city"
            ]
        },
        {
            "keyword": "Omaha",
            "synonyms": [
                "omaha"
            ]
        },
        {
            "keyword": "San Francisco",
            "synonyms": [
                "san francisco"
            ]
        },
        {
            "keyword": "Virginia",
            "synonyms": [
                "virginia"
            ]
        },
        {
            "keyword": "seattle",
            "synonyms": [
                "seattle"
            ]
        }
    ]
}
